first name,last name,code
علی,دانشپور,۱۱۲
ارین,محسنی,۲۳۱
علی,دانشپور,۱۱۲
ارین,محسنی,۲۳۱
علی,دانشپور,۱۱۲
ارین,محسنی,۲۳۱
علی,دانشپور,۱۱۲
ارین,محسنی,۲۳۱
علی,دانشپور,۱۱۲
ارین,محسنی,۲۳۱
علی,دانشپور,۱۱۲
ارین,محسنی,۲۳۱
علی,دانشپور,۱۱۲
ارین,محسنی,۲۳۱
علی,دانشپور,۱۱۲
ارین,محسنی,۲۳۱
علی,دانشپور,۱۱۲
ارین,محسنی,۲۳۱
علی,دانشپور,۱۱۲
ارین,محسنی,۲۳۱
علی,دانشپور,۱۱۲
ارین,محسنی,۲۳۱
علی,دانشپور,۱۱۲
ارین,محسنی,۲۳۱
علی,دانشپور,۱۱۲
ارین,محسنی,۲۳۱
علی,دانشپور,۱۱۲
ارین,محسنی,۲۳۱
علی,دانشپور,۱۱۲
ارین,محسنی,۲۳۱
محسن,نامجو,۳۴۵
علی,دانشپور,۱۱۲
ارین,محسنی,۲۳۱
علی,دانشپور,۱۱۲
ارین,محسنی,۲۳۱
علی,دانشپور,۱۱۲
ارین,محسنی,۲۳۱
علی,دانشپور,۱۱۲
ارین,محسنی,۲۳۱
علی,دانشپور,۱۱۲
ارین,محسنی,۲۳۱
علی,دانشپور,۱۱۲
ارین,محسنی,۲۳۱
علی,دانشپور,۱۱۲
ارین,محسنی,۲۳۱
علی,دانشپور,۱۱۲
ارین,محسنی,۲۳۱
علی,دانشپور,۱۱۲
ارین,محسنی,۲۳۱
علی,دانشپور,۱۱۲
ارین,محسنی,۲۳۱
علی,دانشپور,۱۱۲
ارین,محسنی,۲۳۱
علی,دانشپور,۱۱۲
ارین,محسنی,۲۳۱
علی,دانشپور,۱۱۲
ارین,محسنی,۲۳۱
علی,دانشپور,۱۱۲
ارین,محسنی,۲۳۱
علی,دانشپور,۱۱۲
ارین,محسنی,۲۳۱
علی,دانشپور,۱۱۲
ارین,محسنی,۲۳۱
علی,دانشپور,۱۱۲
ارین,محسنی,۲۳۱
علی,دانشپور,۱۱۲
ارین,محسنی,۲۳۱
علی,دانشپور,۱۱۲
ارین,محسنی,۲۳۱
علی,دانشپور,۱۱۲
ارین,محسنی,۲۳۱
علی,دانشپور,۱۱۲
ارین,محسنی,۲۳۱
علی,دانشپور,۱۱۲
ارین,محسنی,۲۳۱
علی,دانشپور,۱۱۲
ارین,محسنی,۲۳۱
علی,دانشپور,۱۱۲
ارین,محسنی,۲۳۱
علی,دانشپور,۱۱۲
ارین,محسنی,۲۳۱
علی,دانشپور,۱۱۲
ارین,محسنی,۲۳۱
علی,دانشپور,۱۱۲
ارین,محسنی,۲۳۱
علی,دانشپور,۱۱۲
ارین,محسنی,۲۳۱
علی,دانشپور,۱۱۲
ارین,محسنی,۲۳۱
علی,دانشپور,۱۱۲
ارین,محسنی,۲۳۱
محسن,نامجو,۳۴۵
علی,دانشپور,۱۱۲
ارین,محسنی,۲۳۱
علی,دانشپور,۱۱۲
ارین,محسنی,۲۳۱
علی,دانشپور,۱۱۲
ارین,محسنی,۲۳۱
علی,دانشپور,۱۱۲
ارین,محسنی,۲۳۱
علی,دانشپور,۱۱۲
ارین,محسنی,۲۳۱
علی,دانشپور,۱۱۲
ارین,محسنی,۲۳۱
علی,دانشپور,۱۱۲
ارین,محسنی,۲۳۱
علی,دانشپور,۱۱۲
ارین,محسنی,۲۳۱
علی,دانشپور,۱۱۲
ارین,محسنی,۲۳۱
علی,دانشپور,۱۱۲
ارین,محسنی,۲۳۱
علی,دانشپور,۱۱۲
ارین,محسنی,۲۳۱
علی,دانشپور,۱۱۲
ارین,محسنی,۲۳۱
علی,دانشپور,۱۱۲
ارین,محسنی,۲۳۱
علی,دانشپور,۱۱۲
ارین,محسنی,۲۳۱
علی,دانشپور,۱۱۲
ارین,محسنی,۲۳۱
علی,دانشپور,۱۱۲
ارین,محسنی,۲۳۱
علی,دانشپور,۱۱۲
ارین,محسنی,۲۳۱
علی,دانشپور,۱۱۲
ارین,محسنی,۲۳۱
علی,دانشپور,۱۱۲
ارین,محسنی,۲۳۱
علی,دانشپور,۱۱۲
ارین,محسنی,۲۳۱
علی,دانشپور,۱۱۲
ارین,محسنی,۲۳۱
علی,دانشپور,۱۱۲
ارین,محسنی,۲۳۱
علی,دانشپور,۱۱۲
ارین,محسنی,۲۳۱
علی,دانشپور,۱۱۲
ارین,محسنی,۲۳۱
علی,دانشپور,۱۱۲
ارین,محسنی,۲۳۱
علی,دانشپور,۱۱۲
ارین,محسنی,۲۳۱
علی,دانشپور,۱۱۲
ارین,محسنی,۲۳۱
علی,دانشپور,۱۱۲
ارین,محسنی,۲۳۱
علی,دانشپور,۱۱۲
ارین,محسنی,۲۳۱
علی,دانشپور,۱۱۲
ارین,محسنی,۲۳۱
محسن,نامجو,۳۴۵
علی,دانشپور,۱۱۲
ارین,محسنی,۲۳۱
علی,دانشپور,۱۱۲
ارین,محسنی,۲۳۱
علی,دانشپور,۱۱۲
ارین,محسنی,۲۳۱
علی,دانشپور,۱۱۲
ارین,محسنی,۲۳۱
علی,دانشپور,۱۱۲
ارین,محسنی,۲۳۱
علی,دانشپور,۱۱۲
ارین,محسنی,۲۳۱
علی,دانشپور,۱۱۲
ارین,محسنی,۲۳۱
علی,دانشپور,۱۱۲
ارین,محسنی,۲۳۱
علی,دانشپور,۱۱۲
ارین,محسنی,۲۳۱
علی,دانشپور,۱۱۲
ارین,محسنی,۲۳۱
علی,دانشپور,۱۱۲
ارین,محسنی,۲۳۱
علی,دانشپور,۱۱۲
ارین,محسنی,۲۳۱
علی,دانشپور,۱۱۲
ارین,محسنی,۲۳۱
علی,دانشپور,۱۱۲
ارین,محسنی,۲۳۱
علی,دانشپور,۱۱۲
ارین,محسنی,۲۳۱
علی,دانشپور,۱۱۲
ارین,محسنی,۲۳۱
علی,دانشپور,۱۱۲
ارین,محسنی,۲۳۱
علی,دانشپور,۱۱۲
ارین,محسنی,۲۳۱
علی,دانشپور,۱۱۲
ارین,محسنی,۲۳۱
علی,دانشپور,۱۱۲
ارین,محسنی,۲۳۱
علی,دانشپور,۱۱۲
ارین,محسنی,۲۳۱
علی,دانشپور,۱۱۲
ارین,محسنی,۲۳۱
علی,دانشپور,۱۱۲
ارین,محسنی,۲۳۱
علی,دانشپور,۱۱۲
ارین,محسنی,۲۳۱
علی,دانشپور,۱۱۲
ارین,محسنی,۲۳۱
علی,دانشپور,۱۱۲
ارین,محسنی,۲۳۱
علی,دانشپور,۱۱۲
ارین,محسنی,۲۳۱
علی,دانشپور,۱۱۲
ارین,محسنی,۲۳۱
علی,دانشپور,۱۱۲
ارین,محسنی,۲۳۱
علی,دانشپور,۱۱۲
ارین,محسنی,۲۳۱
محسن,نامجو,۳۴۵
علی,دانشپور,۱۱۲
ارین,محسنی,۲۳۱
علی,دانشپور,۱۱۲
ارین,محسنی,۲۳۱
علی,دانشپور,۱۱۲
ارین,محسنی,۲۳۱
علی,دانشپور,۱۱۲
ارین,محسنی,۲۳۱
علی,دانشپور,۱۱۲
ارین,محسنی,۲۳۱
علی,دانشپور,۱۱۲
ارین,محسنی,۲۳۱
علی,دانشپور,۱۱۲
ارین,محسنی,۲۳۱
علی,دانشپور,۱۱۲
ارین,محسنی,۲۳۱
علی,دانشپور,۱۱۲
ارین,محسنی,۲۳۱
علی,دانشپور,۱۱۲
ارین,محسنی,۲۳۱
علی,دانشپور,۱۱۲
ارین,محسنی,۲۳۱
علی,دانشپور,۱۱۲
ارین,محسنی,۲۳۱
علی,دانشپور,۱۱۲
ارین,محسنی,۲۳۱
علی,دانشپور,۱۱۲
ارین,محسنی,۲۳۱
علی,دانشپور,۱۱۲
ارین,محسنی,۲۳۱
